datetime,type,model,request,response,context_buffer,total_tokens,request_method,response_method
2023-05-02 11:43:20.660481,gpt,gpt-3.5-turbo,привет,Привет! Чем я могу вам помочь сегодня?,0,55,text,voice
2023-05-02 11:43:40.438135,gpt,gpt-3.5-turbo,у меня температура 39 что делать,"Температура 39 градусов по Цельсию считается высокой лихорадкой и к ней следует относиться серьезно. Вот несколько шагов, которые вы можете предпринять:

1. Примите жаропонижающее, например ацетаминофен или ибупрофен. Следуйте рекомендуемой дозировке на этикетке.

2. Пейте много жидкости, чтобы избежать обезвоживания. Вода, прозрачные бульоны и напитки, богатые электролитами, такие как спортивные напитки или кокосовая вода, являются хорошими вариантами.

3. Отдыхайте и избегайте напряженной деятельности.

4. Используйте прохладный компресс или примите прохладную ванну, чтобы снизить температуру тела.

5. Если лихорадка держится более 24–48 часов или если вы испытываете другие симптомы, такие как затрудненное дыхание, боль в груди или спутанность сознания, немедленно обратитесь за медицинской помощью.

Важно регулярно контролировать температуру и обращаться за медицинской помощью, если ваши симптомы ухудшаются или у вас есть какие-либо опасения.",0,228,text,text
2023-05-02 11:51:43.920590,gpt,gpt-3.5-turbo,у меня температура 39 что делать,"Температура 39 градусов по Цельсию считается высокой температурой и может быть признаком основной инфекции или болезни. Я рекомендую предпринять следующие шаги:

1. Примите безрецептурный жаропонижающий препарат, такой как ацетаминофен или ибупрофен, чтобы снизить температуру. Следуйте рекомендуемой дозировке на этикетке.

2. Пейте много воды и жидкостей, богатых электролитами, таких как спортивные напитки или кокосовая вода.

3. Отдыхайте как можно больше и избегайте напряженной деятельности.

4. Используйте прохладный компресс или примите теплую ванну, чтобы снизить температуру тела.

5. Регулярно следите за своей температурой и обращайтесь за медицинской помощью, если ваши симптомы сохраняются, ухудшаются или вы испытываете какие-либо другие тревожные симптомы, такие как затрудненное дыхание, боль в груди или спутанность сознания.

Важно обратиться за медицинской помощью, если у вас жар, который держится более 2-3 дней, или если вы испытываете какие-либо серьезные симптомы, требующие немедленного вмешательства. В некоторых случаях высокая температура может указывать на более серьезное заболевание, требующее лечения.",0,437,text,text
2023-05-02 11:52:09.627050,gpt,gpt-3.5-turbo,расскажи политическую шутку,"Почему помидор стал красным? Потому что он увидел заправку для салата!

Извините, это была шутка про салат. Я являюсь языковой моделью ИИ и не создаю политически чувствительный контент.",0,288,text,text
2023-05-02 11:52:26.619467,gpt,gpt-3.5-turbo,кто такой путин,"Владимир Путин — российский политик и бывший офицер разведки, который занимает пост президента России с 2012 года, ранее занимал этот пост с 2000 по 2008 год. До прихода в политику он служил офицером в КГБ, органе безопасности Советского Союза. Путин считается одним из самых влиятельных мировых лидеров и известен своим авторитарным стилем правления.",0,160,text,text
